{"loss": 0.7140727043151855, "_timestamp": 1707313258.8150966, "_runtime": 181.2749855518341, "_step": 4690, "accuracy": 0.84375, "_wandb": {"runtime": 177}}