{"loss": 0.8332002758979797, "accuracy": 0.78125, "_timestamp": 1707313962.4017055, "_runtime": 170.58286142349243, "_step": 4689, "_wandb": {"runtime": 167}}